"simulation","method","lambda","rank","effective_rank","rmse","converged"
0,"PCA (oracle)",NA,0,0,0.857178517027831,NA
0,"PCA (oracle)",NA,1,1,0.75961894612308,NA
0,"PCA (oracle)",NA,2,2,0.653524257026969,NA
0,"PCA (oracle)",NA,3,3,0.561857892596972,NA
0,"PCA (oracle)",NA,4,4,0.471876331312648,NA
0,"PCA (oracle)",NA,5,5,0.372335852974877,NA
0,"PCA (oracle)",NA,6,6,0.243178030917749,NA
0,"PCA (oracle)",NA,7,7,0.273953511804371,NA
0,"PCA (oracle)",NA,8,8,0.301170130509876,NA
0,"PCA (oracle)",NA,9,9,0.325533812819067,NA
0,"PCA (oracle)",NA,10,10,0.348184621870529,NA
0,"ICA (oracle)",NA,0,0,0.857178517027831,NA
0,"ICA (oracle)",NA,1,1,0.75961894612308,TRUE
0,"ICA (oracle)",NA,2,2,0.653524257026969,TRUE
0,"ICA (oracle)",NA,3,3,0.561857892596972,TRUE
0,"ICA (oracle)",NA,4,4,0.471876331312648,TRUE
0,"ICA (oracle)",NA,5,5,0.372335852974877,TRUE
0,"ICA (oracle)",NA,6,6,0.243178030917749,TRUE
0,"ICA (oracle)",NA,7,7,0.273953511804371,TRUE
0,"ICA (oracle)",NA,8,8,0.301170130509876,TRUE
0,"ICA (oracle)",NA,9,9,0.325533812819068,FALSE
0,"ICA (oracle)",NA,10,10,0.34818462187053,FALSE
0,"SoftImpute (oracle)",1,0,0,0.857178517027831,NA
0,"SoftImpute (oracle)",1,1,1,0.759560748874742,NA
0,"SoftImpute (oracle)",1,2,2,0.653379930600312,NA
0,"SoftImpute (oracle)",1,3,3,0.561581016558286,NA
0,"SoftImpute (oracle)",1,4,4,0.471414304985026,NA
0,"SoftImpute (oracle)",1,5,5,0.371583401734317,NA
0,"SoftImpute (oracle)",1,6,6,0.24174027334891,NA
0,"SoftImpute (oracle)",1,7,7,0.271650789320951,NA
0,"SoftImpute (oracle)",1,8,8,0.298148546826951,NA
0,"SoftImpute (oracle)",1,9,9,0.321890917673197,NA
0,"SoftImpute (oracle)",1,10,10,0.343986302849131,NA
1,"PCA (oracle)",NA,0,0,0.867156156622954,NA
1,"PCA (oracle)",NA,1,1,0.776143716267404,NA
1,"PCA (oracle)",NA,2,2,0.677575986306507,NA
1,"PCA (oracle)",NA,3,3,0.561079837957441,NA
1,"PCA (oracle)",NA,4,4,0.466673556035691,NA
1,"PCA (oracle)",NA,5,5,0.361416305069548,NA
1,"PCA (oracle)",NA,6,6,0.244939567938334,NA
1,"PCA (oracle)",NA,7,7,0.275337823769409,NA
1,"PCA (oracle)",NA,8,8,0.302222413759401,NA
1,"PCA (oracle)",NA,9,9,0.326513768429876,NA
1,"PCA (oracle)",NA,10,10,0.348637418638592,NA
1,"ICA (oracle)",NA,0,0,0.867156156622954,NA
1,"ICA (oracle)",NA,1,1,0.776143716267404,TRUE
1,"ICA (oracle)",NA,2,2,0.677575986306507,TRUE
1,"ICA (oracle)",NA,3,3,0.561079837957441,TRUE
1,"ICA (oracle)",NA,4,4,0.466673556035691,TRUE
1,"ICA (oracle)",NA,5,5,0.361416305069548,TRUE
1,"ICA (oracle)",NA,6,6,0.244939567938334,TRUE
1,"ICA (oracle)",NA,7,7,0.275337823769409,TRUE
1,"ICA (oracle)",NA,8,8,0.302222413759401,TRUE
1,"ICA (oracle)",NA,9,9,0.326513768429875,FALSE
1,"ICA (oracle)",NA,10,10,0.348637418638592,TRUE
1,"SoftImpute (oracle)",1,0,0,0.867156156622954,NA
1,"SoftImpute (oracle)",1,1,1,0.77606632173037,NA
1,"SoftImpute (oracle)",1,2,2,0.677404501602372,NA
1,"SoftImpute (oracle)",1,3,3,0.56080581334608,NA
1,"SoftImpute (oracle)",1,4,4,0.466210734363627,NA
1,"SoftImpute (oracle)",1,5,5,0.360653085150721,NA
1,"SoftImpute (oracle)",1,6,6,0.243569489901744,NA
1,"SoftImpute (oracle)",1,7,7,0.27310109204224,NA
1,"SoftImpute (oracle)",1,8,8,0.299264777377206,NA
1,"SoftImpute (oracle)",1,9,9,0.322931229287482,NA
1,"SoftImpute (oracle)",1,10,10,0.344499375787757,NA
2,"PCA (oracle)",NA,0,0,0.864098345321561,NA
2,"PCA (oracle)",NA,1,1,0.772766729807142,NA
2,"PCA (oracle)",NA,2,2,0.676888977382506,NA
2,"PCA (oracle)",NA,3,3,0.581080637207448,NA
2,"PCA (oracle)",NA,4,4,0.478165331475334,NA
2,"PCA (oracle)",NA,5,5,0.361930238628008,NA
2,"PCA (oracle)",NA,6,6,0.242107617205384,NA
2,"PCA (oracle)",NA,7,7,0.273170424687758,NA
2,"PCA (oracle)",NA,8,8,0.300378222304534,NA
2,"PCA (oracle)",NA,9,9,0.325157465840458,NA
2,"PCA (oracle)",NA,10,10,0.347888501671528,NA
2,"ICA (oracle)",NA,0,0,0.864098345321561,NA
2,"ICA (oracle)",NA,1,1,0.772766729807142,TRUE
2,"ICA (oracle)",NA,2,2,0.676888977382506,TRUE
2,"ICA (oracle)",NA,3,3,0.581080637207448,TRUE
2,"ICA (oracle)",NA,4,4,0.478165331475334,TRUE
2,"ICA (oracle)",NA,5,5,0.361930238628008,TRUE
2,"ICA (oracle)",NA,6,6,0.242107617205384,TRUE
2,"ICA (oracle)",NA,7,7,0.273170424687758,TRUE
2,"ICA (oracle)",NA,8,8,0.300378222304534,TRUE
2,"ICA (oracle)",NA,9,9,0.325157465840458,FALSE
2,"ICA (oracle)",NA,10,10,0.347888501671528,FALSE
2,"SoftImpute (oracle)",1,0,0,0.864098345321561,NA
2,"SoftImpute (oracle)",1,1,1,0.772702456823357,NA
2,"SoftImpute (oracle)",1,2,2,0.676745727269857,NA
2,"SoftImpute (oracle)",1,3,3,0.580796799709105,NA
2,"SoftImpute (oracle)",1,4,4,0.477702690572339,NA
2,"SoftImpute (oracle)",1,5,5,0.361174549734012,NA
2,"SoftImpute (oracle)",1,6,6,0.240647333321747,NA
2,"SoftImpute (oracle)",1,7,7,0.270843738082824,NA
2,"SoftImpute (oracle)",1,8,8,0.297334268013198,NA
2,"SoftImpute (oracle)",1,9,9,0.32149056917666,NA
2,"SoftImpute (oracle)",1,10,10,0.343667081495979,NA
3,"PCA (oracle)",NA,0,0,0.790631005132159,NA
3,"PCA (oracle)",NA,1,1,0.703258767798567,NA
3,"PCA (oracle)",NA,2,2,0.626195294560613,NA
3,"PCA (oracle)",NA,3,3,0.54222982822281,NA
3,"PCA (oracle)",NA,4,4,0.460501413726577,NA
3,"PCA (oracle)",NA,5,5,0.36474400931799,NA
3,"PCA (oracle)",NA,6,6,0.24245490193362,NA
3,"PCA (oracle)",NA,7,7,0.272832411573588,NA
3,"PCA (oracle)",NA,8,8,0.299995128323612,NA
3,"PCA (oracle)",NA,9,9,0.324362956417299,NA
3,"PCA (oracle)",NA,10,10,0.34663007865688,NA
3,"ICA (oracle)",NA,0,0,0.790631005132159,NA
3,"ICA (oracle)",NA,1,1,0.703258767798567,TRUE
3,"ICA (oracle)",NA,2,2,0.626195294560613,TRUE
3,"ICA (oracle)",NA,3,3,0.54222982822281,TRUE
3,"ICA (oracle)",NA,4,4,0.460501413726577,TRUE
3,"ICA (oracle)",NA,5,5,0.36474400931799,TRUE
3,"ICA (oracle)",NA,6,6,0.24245490193362,TRUE
3,"ICA (oracle)",NA,7,7,0.272832411573588,TRUE
3,"ICA (oracle)",NA,8,8,0.299995128323612,TRUE
3,"ICA (oracle)",NA,9,9,0.324362956417299,FALSE
3,"ICA (oracle)",NA,10,10,0.34663007865688,FALSE
3,"SoftImpute (oracle)",1,0,0,0.790631005132159,NA
3,"SoftImpute (oracle)",1,1,1,0.703184853086905,NA
3,"SoftImpute (oracle)",1,2,2,0.626010956553474,NA
3,"SoftImpute (oracle)",1,3,3,0.541921048975628,NA
3,"SoftImpute (oracle)",1,4,4,0.459995755852563,NA
3,"SoftImpute (oracle)",1,5,5,0.363964565716397,NA
3,"SoftImpute (oracle)",1,6,6,0.241029650210483,NA
3,"SoftImpute (oracle)",1,7,7,0.27054374390579,NA
3,"SoftImpute (oracle)",1,8,8,0.296985899515701,NA
3,"SoftImpute (oracle)",1,9,9,0.320730813070075,NA
3,"SoftImpute (oracle)",1,10,10,0.34244370698659,NA
4,"PCA (oracle)",NA,0,0,0.909662244208122,NA
4,"PCA (oracle)",NA,1,1,0.807228153420561,NA
4,"PCA (oracle)",NA,2,2,0.703728989826335,NA
4,"PCA (oracle)",NA,3,3,0.603770152728956,NA
4,"PCA (oracle)",NA,4,4,0.506426216329854,NA
4,"PCA (oracle)",NA,5,5,0.388872516463513,NA
4,"PCA (oracle)",NA,6,6,0.246834866523187,NA
4,"PCA (oracle)",NA,7,7,0.276570952859369,NA
4,"PCA (oracle)",NA,8,8,0.303021041359289,NA
4,"PCA (oracle)",NA,9,9,0.327062353537861,NA
4,"PCA (oracle)",NA,10,10,0.34913006764958,NA
4,"ICA (oracle)",NA,0,0,0.909662244208122,NA
4,"ICA (oracle)",NA,1,1,0.807228153420561,TRUE
4,"ICA (oracle)",NA,2,2,0.703728989826335,TRUE
4,"ICA (oracle)",NA,3,3,0.603770152728956,TRUE
4,"ICA (oracle)",NA,4,4,0.506426216329854,TRUE
4,"ICA (oracle)",NA,5,5,0.388872516463513,TRUE
4,"ICA (oracle)",NA,6,6,0.246834866523188,TRUE
4,"ICA (oracle)",NA,7,7,0.276570952859369,TRUE
4,"ICA (oracle)",NA,8,8,0.30302104135929,TRUE
4,"ICA (oracle)",NA,9,9,0.327062353537861,TRUE
4,"ICA (oracle)",NA,10,10,0.349130067649581,TRUE
4,"SoftImpute (oracle)",1,0,0,0.909662244208122,NA
4,"SoftImpute (oracle)",1,1,1,0.807164131888687,NA
4,"SoftImpute (oracle)",1,2,2,0.70358062344413,NA
4,"SoftImpute (oracle)",1,3,3,0.603493130175019,NA
4,"SoftImpute (oracle)",1,4,4,0.505977338211893,NA
4,"SoftImpute (oracle)",1,5,5,0.388132046812821,NA
4,"SoftImpute (oracle)",1,6,6,0.245444070101095,NA
4,"SoftImpute (oracle)",1,7,7,0.2743244552093,NA
4,"SoftImpute (oracle)",1,8,8,0.300059072183657,NA
4,"SoftImpute (oracle)",1,9,9,0.323478066074078,NA
4,"SoftImpute (oracle)",1,10,10,0.34499099011202,NA
5,"PCA (oracle)",NA,0,0,0.834376955718673,NA
5,"PCA (oracle)",NA,1,1,0.741116601371031,NA
5,"PCA (oracle)",NA,2,2,0.644179218002326,NA
5,"PCA (oracle)",NA,3,3,0.558700932073755,NA
5,"PCA (oracle)",NA,4,4,0.463947526988822,NA
5,"PCA (oracle)",NA,5,5,0.349925303696633,NA
5,"PCA (oracle)",NA,6,6,0.240129545521114,NA
5,"PCA (oracle)",NA,7,7,0.271709625516973,NA
5,"PCA (oracle)",NA,8,8,0.299054785114031,NA
5,"PCA (oracle)",NA,9,9,0.323896351905406,NA
5,"PCA (oracle)",NA,10,10,0.346702184929726,NA
5,"ICA (oracle)",NA,0,0,0.834376955718673,NA
5,"ICA (oracle)",NA,1,1,0.741116601371031,TRUE
5,"ICA (oracle)",NA,2,2,0.644179218002326,TRUE
5,"ICA (oracle)",NA,3,3,0.558700932073755,TRUE
5,"ICA (oracle)",NA,4,4,0.463947526988822,TRUE
5,"ICA (oracle)",NA,5,5,0.349925303696633,TRUE
5,"ICA (oracle)",NA,6,6,0.240129545521114,TRUE
5,"ICA (oracle)",NA,7,7,0.271709625516973,TRUE
5,"ICA (oracle)",NA,8,8,0.299054785114031,TRUE
5,"ICA (oracle)",NA,9,9,0.323896351905406,FALSE
5,"ICA (oracle)",NA,10,10,0.346702184929727,FALSE
5,"SoftImpute (oracle)",1,0,0,0.834376955718673,NA
5,"SoftImpute (oracle)",1,1,1,0.741038286413094,NA
5,"SoftImpute (oracle)",1,2,2,0.644000414342669,NA
5,"SoftImpute (oracle)",1,3,3,0.558387705996335,NA
5,"SoftImpute (oracle)",1,4,4,0.463441791503512,NA
5,"SoftImpute (oracle)",1,5,5,0.349108939874469,NA
5,"SoftImpute (oracle)",1,6,6,0.238728671069641,NA
5,"SoftImpute (oracle)",1,7,7,0.269428513506914,NA
5,"SoftImpute (oracle)",1,8,8,0.296050099325408,NA
5,"SoftImpute (oracle)",1,9,9,0.320264601046053,NA
5,"SoftImpute (oracle)",1,10,10,0.342512651843158,NA
6,"PCA (oracle)",NA,0,0,0.936965813808014,NA
6,"PCA (oracle)",NA,1,1,0.839910192302992,NA
6,"PCA (oracle)",NA,2,2,0.731267309396587,NA
6,"PCA (oracle)",NA,3,3,0.622634032486345,NA
6,"PCA (oracle)",NA,4,4,0.504603810258865,NA
6,"PCA (oracle)",NA,5,5,0.386425173978308,NA
6,"PCA (oracle)",NA,6,6,0.240787009261259,NA
6,"PCA (oracle)",NA,7,7,0.271796633310839,NA
6,"PCA (oracle)",NA,8,8,0.299280298536523,NA
6,"PCA (oracle)",NA,9,9,0.323662921883451,NA
6,"PCA (oracle)",NA,10,10,0.346170715659987,NA
6,"ICA (oracle)",NA,0,0,0.936965813808014,NA
6,"ICA (oracle)",NA,1,1,0.839910192302992,TRUE
6,"ICA (oracle)",NA,2,2,0.731267309396587,TRUE
6,"ICA (oracle)",NA,3,3,0.622634032486345,TRUE
6,"ICA (oracle)",NA,4,4,0.504603810258865,TRUE
6,"ICA (oracle)",NA,5,5,0.386425173978308,TRUE
6,"ICA (oracle)",NA,6,6,0.24078700926126,TRUE
6,"ICA (oracle)",NA,7,7,0.271796633310839,TRUE
6,"ICA (oracle)",NA,8,8,0.299280298536524,TRUE
6,"ICA (oracle)",NA,9,9,0.323662921883451,FALSE
6,"ICA (oracle)",NA,10,10,0.346170715659987,TRUE
6,"SoftImpute (oracle)",1,0,0,0.936965813808014,NA
6,"SoftImpute (oracle)",1,1,1,0.839853137199089,NA
6,"SoftImpute (oracle)",1,2,2,0.731142454509047,NA
6,"SoftImpute (oracle)",1,3,3,0.62240416842315,NA
6,"SoftImpute (oracle)",1,4,4,0.504217658152013,NA
6,"SoftImpute (oracle)",1,5,5,0.385766981085489,NA
6,"SoftImpute (oracle)",1,6,6,0.239492238293037,NA
6,"SoftImpute (oracle)",1,7,7,0.269615896203368,NA
6,"SoftImpute (oracle)",1,8,8,0.296365898434859,NA
6,"SoftImpute (oracle)",1,9,9,0.320118061579311,NA
6,"SoftImpute (oracle)",1,10,10,0.342064224461037,NA
7,"PCA (oracle)",NA,0,0,0.847041646995233,NA
7,"PCA (oracle)",NA,1,1,0.748347722780537,NA
7,"PCA (oracle)",NA,2,2,0.653717177462359,NA
7,"PCA (oracle)",NA,3,3,0.555779075771533,NA
7,"PCA (oracle)",NA,4,4,0.451271960397181,NA
7,"PCA (oracle)",NA,5,5,0.355518780909386,NA
7,"PCA (oracle)",NA,6,6,0.247708593729353,NA
7,"PCA (oracle)",NA,7,7,0.277928083217563,NA
7,"PCA (oracle)",NA,8,8,0.304839712000571,NA
7,"PCA (oracle)",NA,9,9,0.328522391556039,NA
7,"PCA (oracle)",NA,10,10,0.350582437402754,NA
7,"ICA (oracle)",NA,0,0,0.847041646995233,NA
7,"ICA (oracle)",NA,1,1,0.748347722780538,TRUE
7,"ICA (oracle)",NA,2,2,0.653717177462359,TRUE
7,"ICA (oracle)",NA,3,3,0.555779075771533,TRUE
7,"ICA (oracle)",NA,4,4,0.451271960397182,TRUE
7,"ICA (oracle)",NA,5,5,0.355518780909386,TRUE
7,"ICA (oracle)",NA,6,6,0.247708593729353,TRUE
7,"ICA (oracle)",NA,7,7,0.277928083217563,TRUE
7,"ICA (oracle)",NA,8,8,0.304839712000571,FALSE
7,"ICA (oracle)",NA,9,9,0.328522391556039,FALSE
7,"ICA (oracle)",NA,10,10,0.350582437402754,FALSE
7,"SoftImpute (oracle)",1,0,0,0.847041646995233,NA
7,"SoftImpute (oracle)",1,1,1,0.748284043141856,NA
7,"SoftImpute (oracle)",1,2,2,0.653567135817152,NA
7,"SoftImpute (oracle)",1,3,3,0.555484077257438,NA
7,"SoftImpute (oracle)",1,4,4,0.450791746836603,NA
7,"SoftImpute (oracle)",1,5,5,0.354711718993516,NA
7,"SoftImpute (oracle)",1,6,6,0.246241949456026,NA
7,"SoftImpute (oracle)",1,7,7,0.27561010532617,NA
7,"SoftImpute (oracle)",1,8,8,0.30180971324351,NA
7,"SoftImpute (oracle)",1,9,9,0.324878588708283,NA
7,"SoftImpute (oracle)",1,10,10,0.346388227197859,NA
8,"PCA (oracle)",NA,0,0,0.877120300370723,NA
8,"PCA (oracle)",NA,1,1,0.782566003467863,NA
8,"PCA (oracle)",NA,2,2,0.684224548472464,NA
8,"PCA (oracle)",NA,3,3,0.588164096714278,NA
8,"PCA (oracle)",NA,4,4,0.486093979090679,NA
8,"PCA (oracle)",NA,5,5,0.372690502568576,NA
8,"PCA (oracle)",NA,6,6,0.243368890050196,NA
8,"PCA (oracle)",NA,7,7,0.273936712963764,NA
8,"PCA (oracle)",NA,8,8,0.301043204272329,NA
8,"PCA (oracle)",NA,9,9,0.325361549674366,NA
8,"PCA (oracle)",NA,10,10,0.347720744100552,NA
8,"ICA (oracle)",NA,0,0,0.877120300370723,NA
8,"ICA (oracle)",NA,1,1,0.782566003467864,TRUE
8,"ICA (oracle)",NA,2,2,0.684224548472464,TRUE
8,"ICA (oracle)",NA,3,3,0.588164096714278,TRUE
8,"ICA (oracle)",NA,4,4,0.486093979090679,TRUE
8,"ICA (oracle)",NA,5,5,0.372690502568576,TRUE
8,"ICA (oracle)",NA,6,6,0.243368890050196,TRUE
8,"ICA (oracle)",NA,7,7,0.273936712963764,TRUE
8,"ICA (oracle)",NA,8,8,0.301043204272329,TRUE
8,"ICA (oracle)",NA,9,9,0.325361549674367,TRUE
8,"ICA (oracle)",NA,10,10,0.347720744100552,TRUE
8,"SoftImpute (oracle)",1,0,0,0.877120300370723,NA
8,"SoftImpute (oracle)",1,1,1,0.782499121184206,NA
8,"SoftImpute (oracle)",1,2,2,0.684076196139386,NA
8,"SoftImpute (oracle)",1,3,3,0.587896215527598,NA
8,"SoftImpute (oracle)",1,4,4,0.485641265935807,NA
8,"SoftImpute (oracle)",1,5,5,0.371930636271514,NA
8,"SoftImpute (oracle)",1,6,6,0.241904677258439,NA
8,"SoftImpute (oracle)",1,7,7,0.271612611302536,NA
8,"SoftImpute (oracle)",1,8,8,0.298002995669987,NA
8,"SoftImpute (oracle)",1,9,9,0.321701647349063,NA
8,"SoftImpute (oracle)",1,10,10,0.343508224689355,NA
9,"PCA (oracle)",NA,0,0,0.873464893408429,NA
9,"PCA (oracle)",NA,1,1,0.769708631691027,NA
9,"PCA (oracle)",NA,2,2,0.673715256000015,NA
9,"PCA (oracle)",NA,3,3,0.569862483716724,NA
9,"PCA (oracle)",NA,4,4,0.477440729884096,NA
9,"PCA (oracle)",NA,5,5,0.367012994052604,NA
9,"PCA (oracle)",NA,6,6,0.24377483980494,NA
9,"PCA (oracle)",NA,7,7,0.27412826373194,NA
9,"PCA (oracle)",NA,8,8,0.301179636054346,NA
9,"PCA (oracle)",NA,9,9,0.32567487028891,NA
9,"PCA (oracle)",NA,10,10,0.347924244469647,NA
9,"ICA (oracle)",NA,0,0,0.873464893408429,NA
9,"ICA (oracle)",NA,1,1,0.769708631691027,TRUE
9,"ICA (oracle)",NA,2,2,0.673715256000015,TRUE
9,"ICA (oracle)",NA,3,3,0.569862483716724,TRUE
9,"ICA (oracle)",NA,4,4,0.477440729884096,TRUE
9,"ICA (oracle)",NA,5,5,0.367012994052604,TRUE
9,"ICA (oracle)",NA,6,6,0.24377483980494,TRUE
9,"ICA (oracle)",NA,7,7,0.27412826373194,TRUE
9,"ICA (oracle)",NA,8,8,0.301179636054346,FALSE
9,"ICA (oracle)",NA,9,9,0.32567487028891,FALSE
9,"ICA (oracle)",NA,10,10,0.347924244469647,FALSE
9,"SoftImpute (oracle)",1,0,0,0.873464893408429,NA
9,"SoftImpute (oracle)",1,1,1,0.7696415481325,NA
9,"SoftImpute (oracle)",1,2,2,0.673555242027801,NA
9,"SoftImpute (oracle)",1,3,3,0.569591369117196,NA
9,"SoftImpute (oracle)",1,4,4,0.476997296977571,NA
9,"SoftImpute (oracle)",1,5,5,0.366285062826265,NA
9,"SoftImpute (oracle)",1,6,6,0.242407971531013,NA
9,"SoftImpute (oracle)",1,7,7,0.271893436566885,NA
9,"SoftImpute (oracle)",1,8,8,0.298221401892444,NA
9,"SoftImpute (oracle)",1,9,9,0.322089719451067,NA
9,"SoftImpute (oracle)",1,10,10,0.343782573744172,NA
